"child_id","name","age"
1,Elinor,10
2,Yoshiko,9
3,Alta,14
4,Evalyn,5
5,Sim,10
6,Johan,14
7,Webster,9
8,Natasha,7
9,Jed,13
10,Nikki,13
11,Tara,7
12,Rosa,13
13,Glenda,1
14,Robin,11
15,Margarette,7
16,Vallie,11
17,Stanton,9
18,Kennedi,3
19,Adrianna,9
20,Hayden,10
21,Mireille,9
22,Fleta,11
23,Brandi,13
24,Anahi,2
25,Gilbert,5
26,Mariana,3
27,Adaline,13
28,Nathanial,6
29,Cleveland,14
30,Megane,12
31,Carole,14
32,Keenan,13
33,Trey,15
34,Broderick,8
35,Josephine,10
36,Shea,8
37,Dandre,8
38,Hope,1
39,Jarret,9
40,Tom,2
41,Sigurd,6
42,Marlee,13
43,Judah,15
44,Marianne,5
45,Lance,2
46,Roel,9
47,Johnson,10
48,Callie,11
49,Vanessa,4
50,Yazmin,14
51,Lorenza,4
52,Cayla,5
53,Pierce,1
54,Breanne,7
55,Shanna,14
56,Immanuel,3
57,Steve,2
58,Adelbert,11
59,Charity,3
60,Bailee,2
61,Angus,1
62,Jarrett,1
63,Alyce,9
64,Laurine,4
65,Kelvin,4
66,Maeve,9
67,Amari,14
68,Dulce,13
69,Helga,4
70,Dalton,13
71,Monique,7
72,Minnie,14
73,Amely,10
74,May,13
75,Blanca,10
76,Karina,13
77,Olen,2
78,Angelita,12
79,Maurice,3
80,Kayla,2
81,Jameson,15
82,Christophe,4
83,Landen,1
84,Wilson,4
85,Finn,8
86,Yvonne,14
87,Weston,7
88,Chris,9
89,Jerrell,2
90,Unique,14
91,Randal,5
92,Kassandra,7
93,Howell,12
94,Sunny,11
95,Cleveland,14
96,Demetris,8
97,Giuseppe,12
98,Ellie,15
99,Allison,13
100,Palma,8
101,Abe,9
102,Vincenzo,8
103,Rasheed,11
104,Douglas,10
105,Guy,13
106,Elaina,13
107,Jasmin,6
108,Eldora,14
109,Joelle,8
110,Frederick,4
111,Chet,13
112,Jamey,10
113,Keven,4
114,Kurt,6
115,Dawn,12
116,Mariela,7
117,Noah,13
118,Santa,10
119,Muriel,2
120,Shanelle,1
121,Loren,8
122,Abner,6
123,Nathen,2
124,Marina,6
125,Adriel,13
126,Amy,5
127,Jettie,9
128,Carmel,14
129,Milan,2
130,Robyn,4
131,Joyce,11
132,Beatrice,15
133,Marshall,12
134,Jeremy,4
135,Delaney,15
136,Hermina,11
137,Marvin,12
138,Garfield,3
139,Akeem,14
140,Reuben,8
141,August,3
142,Dax,14
143,Donald,8
144,Boris,3
145,Shanel,3
146,Joan,10
147,Pascale,13
148,Kenny,6
149,Giovanna,4
150,Braeden,7
151,Kavon,3
152,Finn,7
153,Lukas,7
154,Jarod,5
155,Selmer,7
156,Cornell,11
157,Rudolph,10
158,Celine,7
159,Mable,14
160,Anastasia,13
161,Kira,6
162,Kirsten,9
163,Katherine,7
164,Tressa,1
165,Arvel,9
166,Faye,2
167,Marilyne,4
168,Pablo,2
169,Leonie,8
170,Jake,1
171,Chad,11
172,Ofelia,12
173,Scotty,1
174,Haleigh,9
175,Vada,10
176,Abraham,15
177,Vivienne,1
178,Maud,8
179,Lurline,12
180,Valentin,11
181,Raleigh,3
182,Vivienne,9
183,Golda,3
184,Barton,14
185,Myrtice,6
186,Noemy,1
187,Abdullah,7
188,Mikel,14
189,Salvador,2
190,Ike,15
191,Clemens,10
192,Mavis,12
193,Freddy,11
194,Giovanni,3
195,Darryl,9
196,Meggie,11
197,Romaine,9
198,Camden,12
199,Henderson,15
200,Ralph,6
201,Nick,2
202,Dewitt,9
203,Rosendo,12
204,Sean,7
205,Cade,6
206,Irma,15
207,Gus,3
208,Camylle,8
209,Kole,1
210,Viviane,1
211,Nathaniel,3
212,Gretchen,8
213,Adrain,9
214,Elise,5
215,Mina,10
216,Nikita,10
217,Hobart,6
218,Gracie,13
219,Grover,2
220,Kenneth,13
221,Ashton,10
222,Beulah,2
223,Khalil,6
224,Nicola,15
225,Kenyatta,1
226,Mollie,7
227,Eleanora,13
228,Timmy,1
229,Alvis,10
230,Jedediah,5
231,Jazlyn,7
232,Valentine,4
233,Miller,6
234,Isai,6
235,Concepcion,15
236,Guadalupe,9
237,Rocio,9
238,Twila,7
239,Virginie,13
240,Sheila,9
241,Larue,15
242,Billie,6
243,Marjory,11
244,Clovis,8
245,Novella,13
246,Torrey,7
247,Rosalind,14
248,Franco,6
249,Jasen,1
250,Vern,4
251,Torrey,10
252,Raven,1
253,Maida,11
254,Savannah,3
255,Duane,5
256,Dedric,13
257,Trystan,15
258,Javier,1
259,Kariane,9
260,Stefan,5
261,Abagail,12
262,Donna,12
263,Carley,12
264,Althea,15
265,Clarissa,12
266,Damion,2
267,Neha,5
268,Colleen,2
269,Carson,1
270,Marianna,14
271,Abel,4
272,Luigi,12
273,Lavada,15
274,Karina,12
275,Tyra,11
276,Chanelle,7
277,Warren,3
278,Marjolaine,2
279,Noemy,11
280,Jerrod,6
281,Luigi,7
282,Allison,7
283,Tia,2
284,Liana,15
285,Jennings,3
286,Elyssa,8
287,Ofelia,8
288,Fanny,7
289,Ezra,13
290,Kathryne,6
291,Jedidiah,8
292,Agustin,6
293,Margarette,15
294,Felipa,13
295,Vallie,2
296,Martin,2
297,Kurtis,8
298,Olga,3
299,Diego,8
300,Lew,5
301,Stephania,12
302,Kendall,6
303,Aracely,10
304,Kris,6
305,Frederik,12
306,Lavern,2
307,Noble,4
308,Karl,3
309,Kaela,15
310,Pauline,8
311,Elza,2
312,Hyman,11
313,Toney,12
314,Cortez,9
315,Madyson,3
316,Susana,7
317,Iliana,8
318,Richie,1
319,Marta,6
320,Gwendolyn,10
321,Rylee,13
322,Elizabeth,3
323,Octavia,7
324,April,10
325,Dino,7
326,Tabitha,5
327,Lera,10
328,Clemmie,4
329,Reid,7
330,Michelle,1
331,Orrin,1
332,Arnaldo,9
333,Haylee,9
334,Christa,7
335,Finn,14
336,April,9
337,Estrella,12
338,Felton,14
339,Roxane,4
340,Sigrid,13
341,Kyler,4
342,Terrance,7
343,Gwen,14
344,Camylle,10
345,Kristoffer,8
346,Adelbert,1
347,Raegan,4
348,Lelah,3
349,Dannie,10
350,Hermina,5
351,Cora,14
352,Chester,13
353,Elton,14
354,Guido,7
355,Camren,14
356,Colby,14
357,Leopold,11
358,Keegan,6
359,Roger,15
360,Jacey,12
361,Adalberto,14
362,Lon,12
363,Alexane,12
364,Jerrod,10
365,Eladio,6
366,Saul,11
367,Anika,11
368,Jamey,4
369,Verona,7
370,Mustafa,15
371,Josiane,7
372,Eliseo,1
373,Kelton,6
374,Margie,15
375,Horacio,15
376,Kailee,14
377,Monica,7
378,Alison,6
379,Tomas,8
380,Vena,4
381,Carolanne,11
382,Polly,12
383,Valerie,1
384,Brycen,5
385,Nick,12
386,Joy,10
387,Alisa,2
388,Candice,9
389,Peter,13
390,Joany,12
391,Audie,14
392,River,11
393,Maureen,7
394,Dariana,10
395,Linnie,3
396,Madalyn,3
397,Damian,3
398,Travon,1
399,Jennings,12
400,Dianna,10
401,Kris,14
402,Kristian,13
403,Tyrique,8
404,Micah,15
405,Lonny,4
406,Vernice,13
407,Annamarie,6
408,Emilia,14
409,Buck,1
410,Josie,15
411,Timmothy,10
412,Sterling,5
413,Axel,5
414,Oswaldo,10
415,Abdul,15
416,Watson,5
417,Nella,14
418,Ella,13
419,Jeanie,13
420,Javon,14
421,Brown,3
422,Magnolia,6
423,Francisco,6
424,Ansley,12
425,Sherwood,5
426,Nick,6
427,Jessica,4
428,Royal,7
429,Allen,6
430,Sherman,4
431,Candido,4
432,Tamia,7
433,Emmanuel,10
434,Karley,3
435,Emilie,2
436,Audie,9
437,Vickie,15
438,Abdiel,1
439,Reese,14
440,Casimir,5
441,Anna,9
442,Major,11
443,Alison,11
444,Maximo,11
445,Nelda,13
446,Skye,9
447,Chasity,2
448,Jany,15
449,Sadye,7
450,Oran,1
451,Zola,1
452,Maribel,14
453,Salvatore,11
454,Christa,1
455,Adolf,9
456,Reid,10
457,Rahsaan,6
458,Dallin,10
459,Shania,4
460,Ottilie,14
461,Lupe,10
462,Alana,5
463,Caitlyn,14
464,Sonya,5
465,Madonna,8
466,Adaline,4
467,Devan,15
468,Rigoberto,8
469,Alberta,10
470,Lou,9
471,Jazmin,14
472,Dusty,6
473,Ewell,5
474,Tina,8
475,Queenie,13
476,Edmund,4
477,Lora,4
478,Trenton,5
479,Ross,2
480,Abbigail,7
481,Sabrina,11
482,Sammy,9
483,Tyrese,3
484,Breanna,1
485,Jackson,10
486,Cloyd,9
487,Philip,6
488,Lindsay,11
489,Althea,11
490,Georgette,2
491,Michelle,14
492,Hosea,3
493,Manuela,14
494,Yvette,5
495,Heaven,8
496,Keara,8
497,Monserrate,4
498,Rosella,13
499,Yolanda,8
500,Laverne,2
501,Jillian,10
502,Jimmie,7
503,Jess,14
504,Sherwood,13
505,Pete,11
506,Celestino,11
507,Berry,1
508,Reanna,14
509,Lyric,6
510,Kailee,8
511,Cydney,12
512,Giovanna,12
513,Kim,8
514,Madilyn,7
515,Abbey,8
516,Alexandro,13
517,Allen,3
518,Jeremy,13
519,Lloyd,10
520,Ross,8
521,Ceasar,9
522,Benjamin,6
523,Agustin,2
524,Ophelia,13
525,Abbey,7
526,Jayda,5
527,Maurice,4
528,Emma,6
529,Jermain,6
530,Alessia,15
531,Meredith,13
532,Yvette,3
533,Santa,15
534,Delphine,10
535,Willa,10
536,Deanna,1
537,Carley,9
538,Cleora,2
539,Abelardo,9
540,Estefania,8
541,Jessika,15
542,Cesar,2
543,Herminia,8
544,Isac,11
545,Rachelle,1
546,Liliana,12
547,Keely,10
548,Wendy,2
549,Favian,13
550,Lucy,15
551,Leora,15
552,Issac,7
553,Cicero,10
554,Issac,13
555,Elva,6
556,Adelle,2
557,Renee,1
558,Keenan,9
559,Filomena,8
560,Jolie,10
561,Delmer,5
562,Alia,8
563,Jordy,12
564,Alfonzo,15
565,Twila,6
566,Marcelle,9
567,Syble,2
568,Kayleigh,5
569,Margarete,5
570,Ian,3
571,Shaun,13
572,Maudie,11
573,Fay,14
574,Amara,9
575,Anya,9
576,Karley,9
577,Deontae,11
578,Ruthe,2
579,Maida,7
580,Tressie,6
581,Gideon,9
582,Irwin,1
583,Tyreek,7
584,Rowena,15
585,Margret,11
586,Veda,14
587,Ahmad,11
588,Elissa,13
589,Tyson,3
590,Doug,7
591,Kara,12
592,Laron,1
593,Isidro,7
594,Macey,15
595,Hayley,8
596,Vita,3
597,Alivia,12
598,Jeramy,7
599,Fernando,13
600,Eli,9
601,Adrain,4
602,Mya,2
603,Dorothea,7
604,Vincenzo,13
605,Milo,2
606,David,11
607,Clementina,3
608,Heath,4
609,Melyna,1
610,Ralph,8
611,Lupe,8
612,Willow,4
613,Adele,12
614,Zita,7
615,Quinn,5
616,Emelia,1
617,Paul,6
618,Kariane,5
619,Fern,15
620,Casey,15
621,Mina,4
622,Sage,4
623,Adriel,2
624,Reyna,8
625,Gardner,6
626,Tiffany,4
627,Malinda,2
628,Garrison,9
629,Sharon,2
630,Curt,6
631,Natalia,5
632,Vella,8
633,Jace,1
634,Myles,6
635,Juston,15
636,Aniya,4
637,Amie,7
638,Alana,5
639,Geo,7
640,Loyce,6
641,Mac,2
642,Unique,2
643,Hyman,2
644,Aryanna,11
645,Rick,1
646,Verlie,1
647,Conner,11
648,Stewart,11
649,Garrett,8
650,Micah,13
651,Thea,11
652,Elnora,9
653,Maximillian,11
654,Ashtyn,6
655,Kyra,3
656,Marco,7
657,Pete,6
658,Edison,9
659,Mattie,6
660,Domenick,15
661,Minerva,14
662,Rigoberto,3
663,Vicenta,14
664,Deonte,13
665,Della,11
666,Imani,2
667,Alexandro,9
668,General,13
669,Tyson,2
670,Jett,1
671,Buford,13
672,Keyshawn,9
673,Hallie,4
674,Letitia,3
675,Reynold,10
676,Rowan,15
677,Dallas,6
678,Elmore,6
679,Juston,13
680,Holden,1
681,Joshua,12
682,Tressie,13
683,Shanny,3
684,Ambrose,2
685,Maia,2
686,Laila,1
687,Zola,10
688,Scot,12
689,Vesta,9
690,Kariane,9
691,Eileen,5
692,Jaren,2
693,Maximo,3
694,Candice,2
695,Jamel,1
696,Rollin,4
697,Jonatan,2
698,Kobe,5
699,Paxton,13
700,Dusty,12
701,Diana,13
702,Alvah,13
703,Sanford,4
704,Elta,9
705,Murphy,11
706,Gerry,2
707,Arthur,2
708,Hattie,4
709,Jamal,15
710,Christine,1
711,Verlie,11
712,Carmella,13
713,Zane,13
714,Nicole,11
715,Desmond,4
716,Marisa,1
717,Luna,9
718,Alessandra,14
719,Aurelia,14
720,Tressie,12
721,Denis,4
722,Ova,11
723,Noemi,4
724,Leora,3
725,Wilson,10
726,Raoul,12
727,Martin,7
728,Judson,9
729,Ibrahim,13
730,Joanne,13
731,Aliya,8
732,Delaney,13
733,Marilie,9
734,Anya,2
735,Dessie,4
736,Francesco,14
737,Minnie,15
738,Kelvin,3
739,Destiny,5
740,Jasmin,6
741,Octavia,10
742,Enid,12
743,Anahi,15
744,Taya,3
745,Hilma,13
746,Liliane,11
747,Macie,9
748,Margarita,12
749,Johann,15
750,Zion,6
751,Tania,8
752,Carlie,3
753,Rasheed,9
754,Adolf,9
755,Neil,12
756,Fredrick,9
757,Myrna,14
758,Brenden,4
759,Nickolas,9
760,Freeman,11
761,Coy,2
762,Monroe,7
763,Emmitt,2
764,Mae,5
765,Colin,14
766,Terry,6
767,Hiram,6
768,Natalie,1
769,Lina,12
770,Saige,14
771,Myra,11
772,Catalina,5
773,Abdul,14
774,Thea,13
775,Candace,12
776,Aurelie,14
777,Darlene,5
778,Amani,3
779,Ronny,11
780,Carter,11
781,Myles,13
782,Bartholome,10
783,Austen,10
784,Marcelo,8
785,Myra,13
786,Lincoln,13
787,Libby,1
788,Leif,14
789,Alize,3
790,Erick,12
791,Ralph,14
792,Cordia,15
793,Leilani,10
794,Abby,6
795,Delpha,7
796,Viviane,6
797,Norberto,10
798,Maximilian,4
799,Wendell,15
800,Donny,10
801,Lloyd,9
802,Toni,9
803,Izaiah,4
804,Fermin,11
805,Bertha,12
806,Cathy,3
807,Francesco,6
808,Wayne,13
809,Zelma,8
810,Noelia,14
811,Martin,12
812,Sim,2
813,Ismael,13
814,Casper,10
815,Roberta,13
816,Jocelyn,3
817,Wilburn,13
818,Loyal,11
819,Gwendolyn,4
820,Wayne,4
821,Alyson,4
822,Bertha,1
823,Scotty,8
824,Alda,9
825,Herminia,13
826,Macie,4
827,Nicholaus,12
828,Cyril,6
829,Gerard,9
830,Isaiah,12
831,Gabe,10
832,Hillard,11
833,Corine,13
834,Adolf,6
835,Garett,7
836,Reanna,3
837,Michelle,6
838,Levi,8
839,Salvatore,11
840,Andre,14
841,Dessie,6
842,Jonathan,12
843,Eleanore,1
844,Martin,5
845,Lucy,12
846,Dario,3
847,Lupe,12
848,Jaylon,11
849,German,3
850,Treva,13
851,Joany,9
852,Forrest,13
853,King,12
854,Emmett,1
855,Nola,1
856,Emelia,15
857,Reina,4
858,Elijah,12
859,Kailey,8
860,Adelbert,6
861,Cody,6
862,Beverly,12
863,Bryana,3
864,Isom,9
865,Adelbert,15
866,Zakary,4
867,Merlin,13
868,Anais,14
869,Lilliana,12
870,Eino,1
871,Ashlee,6
872,Beryl,6
873,Ora,14
874,Olga,2
875,Ilene,3
876,Angelina,13
877,Jazlyn,15
878,Milan,5
879,Delpha,15
880,Kaci,9
881,Estelle,15
882,Madalyn,2
883,Mariana,13
884,Alana,14
885,Jabari,3
886,Anthony,13
887,Floyd,10
888,Jolie,4
889,Vivianne,1
890,Elouise,12
891,Montana,10
892,Jeromy,14
893,Loy,6
894,Lucious,3
895,Carmella,10
896,Madelynn,5
897,Berniece,14
898,Elyssa,1
899,Efren,1
900,Caterina,12
901,Julius,4
902,Austyn,3
903,Lew,10
904,Lila,7
905,Dashawn,14
906,Gregg,6
907,Baron,9
908,Samanta,13
909,Claire,12
910,Bo,4
911,Assunta,8
912,Ike,7
913,Jaunita,2
914,Aurelia,5
915,Alexandria,7
916,Abigayle,6
917,Minnie,6
918,Johnpaul,11
919,Isabelle,3
920,Dale,6
921,Anissa,12
922,Ernie,15
923,Sylvia,11
924,Neoma,4
925,Mariah,9
926,Emanuel,15
927,Hugh,14
928,Amina,2
929,Antonette,10
930,Royce,10
931,Jeffery,15
932,Chance,1
933,Matteo,5
934,Rhiannon,8
935,Brando,6
936,Kamryn,11
937,Savannah,9
938,Trace,8
939,Abdul,7
940,Eulalia,1
941,Dawn,12
942,Osborne,13
943,Muriel,4
944,Sienna,5
945,Herta,14
946,Palma,13
947,Hardy,5
948,Arielle,4
949,Frances,2
950,Hanna,9
951,Aubree,7
952,Sabina,1
953,Sadye,15
954,Michel,1
955,Marc,8
956,Silas,3
957,Akeem,14
958,Maggie,1
959,Mariela,11
960,Madeline,15
961,Angus,2
962,Chris,6
963,Octavia,10
964,Sylvan,4
965,Jerad,5
966,Carolanne,2
967,Yasmeen,10
968,Erick,6
969,Carmelo,4
970,Fiona,5
971,Lenna,9
972,Kirk,3
973,Darryl,1
974,Stanford,8
975,Kristoffer,1
976,Aditya,11
977,Katheryn,8
978,Winnifred,1
979,Lesley,12
980,Loy,15
981,Orie,7
982,Jeanie,3
983,Kayla,15
984,Eusebio,9
985,Ayden,8
986,Casey,3
987,Vernon,12
988,Lucious,11
989,Trystan,2
990,Eladio,6
991,Cruz,6
992,Dannie,1
993,Weldon,1
994,Rashad,3
995,Friedrich,6
996,Filomena,10
997,Seth,7
998,Vaughn,13
999,Hobart,11
1000,Natalia,1
